Code,Name,ABN
554,HS Fresh Food Pty. Ltd.,74638495655
117,Auspork Australia Pty. Ltd.,29006629303
331,We Love Kitchen,40621821118
50362,We Love Kitchen,40621821118
00403,Premier Food Brands Pty Ltd,83634416881
00419,Foxes Den,73151601222
00486,Our United (Coreco),39638457806
00504,Aston Lucas Gourmet,65731845361
00503,Artisan Pasta (Aston Lucas),65731845361
00720,Dallas International,26467519004
776,LSAA Hygiene Pty Ltd,39644156507
1189,JL King & Co.,60104291563
40666,JL King & Co.,60104291563
01189,JL King & Co.,60104291563
1807,FEG Sales Pty Ltd,26644578923
18362,Bertocchi Smallgoods Pty. Ltd.,58163884982
22303,MEB Foods,36005191131
29274,Barter Enterprises Pty. Ltd.,22000451374
29371,Tip Top Bakeries,45008429632
30518,Nu Fruit P/L (Rainfresh),21078482407
33029,Inghams Enterprises,20008447345
33087,Britex Carpet Care,80093729787
36597,Cordina Chicken Farms Pty. Ltd.,29003058428
37200,Coreco Pty Ltd,39638457806
38372,Fitzco Pty Ltd,91002387206
38748,Yakult Australia,97055486443
39240,Mr Fothergill's Seeds Pty. Ltd.,92003688588
39741,Auspork Australia Pty. Ltd.,29006629303
00117,Auspork Australia Pty. Ltd.,29006629303
40581,Australian Bakels Pty. Ltd.,35000112836
43058,Australian Bakels Pty. Ltd.,35000112836
40657,Pauls Victoria (Lactalis),56072928879
41001,Adelaide Hills Foods,67064542481
91609,Adelaide Hills Foods,67064542481
41724,Vic Wide Meat Brokers,91449731744
41812,Quality Bakers Aust. P/L,45004205449
00600,Cuisinecorp Australia,88145924965
707,Quality Bakers Aust. P/L,45004205449
41884,Downes Brokerage Pty. Ltd.,62006566767
43090,Unilever Australia Ltd.,66004050828
43858,Syndian Natural Food Products,32103577028
44311,Bells Pure Ice,74083235250
44342,SSM Intern. P/L T/A Island Imports,55840074233
44510,Sunfresh Salads Pty. Ltd.,63137113592
45366,Royal Foods Aust. Pty. Ltd.,19130110048
45572,Soulfresh Pty. Ltd.,79603119688
45728,Victoria Yoghurt Company,83402590502
46282,Calendar Cheese Co. Pty. Ltd.,68070470870
47151,Supermarketing Pty Ltd,49073053880
47358,Feel Good Foods Pty. Ltd.,67169488171
47561,Botany International Foods,83063435709
48192,S&B Gourmet Foods (Salad Servers),72003442108
48297,News Limited,47007871178
48336,Cucina Del Nonno,50135542960
48491,Canon Foods Services (Hellers),90604303451
48586,Licensed Socks & Apparel Aust.P/L,19605827665
48686,Fabbris Smallgoods,41302053232
48875,Kerin Fine Foods Co. Pty. Ltd.,32106847009
48894,Momentum Foods,85856995165
48917,Posh Foods Pty Ltd,87149622168
48951,Dual Foods,11105425796
49182,Peoplewell Pty. Ltd.,32623787599
49754,Baked Provisions,40604579544
49758,Arcadian Org Co,37158956864
49813,You Foodz Pty. Ltd.,72160909893
50215,My Muscle Chef,92162190070
50363,We Love Kitchen,40621821118
00331,We Love Kitchen,40621821118
505702,Bricor Pty Ltd,68311298789
507711,Unox Australia Pty Ltd,13134360188
50781,Sealane Group Pty. Ltd.,68565272994
554666,Corporate Design,45072203788
557326,Campain (Display Decorations),53650219846
48807,Genobile Saba,34076486247
211,The Gourmet Sausage,11153713083
91066,The Gourmet Sausage,11153713083
47278,The Gourmet Sausage,11153713083
39085,Downes Brokerage Pty. Ltd.,62006566767
1863,Mitsui & Co,64004349795
49166,Uber Distributors,19612922817
195,Lotus & Ming,66118546802
48338,Momentum Foods,85856995165
22133,Marsh Dairy Products,25005086288
44624,PM Fresh,80122180929
39858,Yakult,97055486443
01879,National Pies,57009479958
48026,Delre International,49053930153
48547,Hoyts Food MFG,12004489212
01159,Europlus,89561909029
01065,Tortuga Ventures,43632814969
40542,Borgcraft Pty Ltd,35060998236
00373,Barkly Smokehose,53364906235
46937,Steel City Beverage,99648552210
02624,Box Stuart,75852363362
02924,VDLandCreamery,13659820397
02923,VDLandCreamery,13659820397
49755,Baked Provisions,40604579544
2114,Vina Two (Trustaria Family),56731063767
2843,Health Magic,44114642929
372,Barkly Smokehouse,53364906235
404,Premier Food Brands Pty Ltd,83634416881
49296,The Passport Group,35052413322
512,YAKULT AUSTRALIA AUCT XD,35052413329
02224,KINGS KITCHEN PTY LTD - X,35052413331
02223,KINGS KITCHEN PTY LTD,35052413331
00600,Cuisinecorp,88145924965
00707,Goodman Fielder Fresh,45004205449
39469,The Marker Grocer,18115674774
01364,Patra Orange (Nippy's) CT,99093033106
46328,BDD Australia,68083019390
05601,Brandcorp Group Pty XD,85665295732
39849,Spiral Foods XD,35127652526
02095,Expressions Aust Ct,49657112939
48350,Natralus ECSA CT,78224395409
